<?xml version="1.0" encoding="UTF-8"?>
<project-private xmlns="http://www.netbeans.org/ns/project-private/1">
    <editor-bookmarks xmlns="http://www.netbeans.org/ns/editor-bookmarks/2" lastBookmarkId="0"/>
    <open-files xmlns="http://www.netbeans.org/ns/projectui-open-files/2">
        <group>
            <file>file:/C:/Users/raase/Documents/NetBeansProjects/GeoCalculator/src/CPeri.java</file>
            <file>file:/C:/Users/raase/Documents/NetBeansProjects/GeoCalculator/src/Tperi.java</file>
            <file>file:/C:/Users/raase/Documents/NetBeansProjects/GeoCalculator/src/RePeri.java</file>
            <file>file:/C:/Users/raase/Documents/NetBeansProjects/GeoCalculator/src/ReVolume.java</file>
            <file>file:/C:/Users/raase/Documents/NetBeansProjects/GeoCalculator/src/CVolume.java</file>
            <file>file:/C:/Users/raase/Documents/NetBeansProjects/GeoCalculator/src/TArea.java</file>
            <file>file:/C:/Users/raase/Documents/NetBeansProjects/GeoCalculator/src/CArea.java</file>
            <file>file:/C:/Users/raase/Documents/NetBeansProjects/GeoCalculator/src/Area.java</file>
            <file>file:/C:/Users/raase/Documents/NetBeansProjects/GeoCalculator/src/Home.java</file>
            <file>file:/C:/Users/raase/Documents/NetBeansProjects/GeoCalculator/src/Front.java</file>
        </group>
    </open-files>
</project-private>
